All,Banking Litigation,Commercial Litigation,Competition Litigation,Debt Recovery,International Arbitration,Professional Discipline,Public International Law,Reputation Management,Tax Litigation & Investigations
Addleshaw Goddard,,,,,,,,*,
Allen & Overy,*,*,*,,*,,*,,
Ashurst,*,*,,,,,,,
Atkins Thomson,,,,,,,,*,
Bates Wells Braithwaite,,,,,,*,,,
Bevan Brittan,,,,,,*,,,
Blake Morgan,,,,,,*,,,
BLM,,,,,,*,,,
Capsticks,,,,,,*,,,
Carter-Ruck,,,,,,,,*,
Clifford Chance,*,*,*,,*,,*,,*
Collyer Bristow,,,,,,,,*,
DAC Beachcroft,,,,,,*,,,
David Price Solicitors & Advocates,,,,,,,,*,
Debevoise & Plimpton,,*,,,*,,*,,
Devonshires,,,,*,,,,,
Eastwoods,,,,,,*,,,
Fieldfisher,,,,,,*,,,*
Freshfields Bruckhaus Deringer,*,*,*,,*,,*,,*
Harbottle & Lewis,,,,,,,,*,
Hausfeld,,,*,,,,,,
Hempsons,,,,,,*,,,
Herbert Smith Freehills,*,*,*,,*,,*,,*
Hogan Lovells,*,*,*,,*,,*,,*
Howard Kennedy,,,,,,,,*,
Irwin Mitchell,,,,*,,,,,
Joseph Hage Aaronson,,,,,,,,,*
King & Wood Mallesons,,,*,,,,,,
Kingsley Napley,,,,,,*,,,
Latham & Watkins,,*,,,,,,,
Linklaters,*,*,*,,,,,,
Mayer Brown,*,,,,,,,,
Moon Beever,,,,*,,,,,
Nabarro,,,,,,*,,,
Norton Rose Fulbright,*,,,,,,,,
Olswang,,,,,,,,*,
Penningtons Manches,,,,,,*,,,
Pinsent Masons,,,,,,,,,*
PricewaterhouseCoopers Legal,,,,,,,,,*
Quinn Emanuel Urquhart & Sullivan,*,*,,,,,*,,
RadcliffesLeBrasseur,,,,,,*,,,
RPC,*,,,,,,,*,*
Russell-Cooke,,,,,,*,,,
Schillings,,,,,,,,*,
Shoosmiths,,,,*,,,,,
Simmons & Simmons,*,*,,,,,,,*
Simons Muirhead & Burton,,,,,,,,*,
Skadden,,,,,*,,*,,
Slater + Gordon,,,,,,,,*,
Slaughter and May,*,*,*,,,,,,*
Stewarts Law,*,,,,,,,,
Taylor Wessing,,,,,,,,*,
Three Crowns,,,,,*,,,,
Travers Smith,*,,,,,,,,
Volterra Fietta,,,,,,,*,,
Weightmans,,,,,,*,,,
White & Case,,,,,*,,,,
Wiggin,,,,,,,,*,
WilmerHale,,,,,*,,,,
