All,Clinical Negligence: Claimant,Clinical Negligence: Defendant,Insurance: Corporate & Regulatory,Insurance: Insolvency & Restructuring,Insurance Litigation: Policyholders,Insurance & Reinsurance Litigation,Personal Injury: Claimant,Personal Injury: Defendant,Product Liability: Claimant,Product Liability: Defendant,Professional Negligence
Addleshaw Goddard,,,,,*,,,,,,
Allen & Overy,,,,,*,,,,,,
Anthony Gold,*,,,,,,*,,,,
Arnold & Porter,,,,,,,,,,*,
Ashurst,,,*,,,,,,,,
Baker & McKenzie,,,,,,,,,,*,
Berwin Leighton Paisner,,,,*,,,,,,,
Bevan Brittan,,*,,,,,,,,,
Bindmans,*,,,,,,*,,,,
BLM,,,,,,,,*,,,
Bolt Burdon Kemp,*,,,,,,,,,,
Capsticks,,*,,,,,,,,,
Clifford Chance,,,*,*,*,,,,,,
Clyde & Co,,*,*,*,,*,,*,,*,*
CMS,,,*,,,*,,,,,*
Cooley,,,,*,,,,,,,
Covington & Burling,,,,,*,,,,,,
DAC Beachcroft,,*,,,,,,*,,*,
Debevoise & Plimpton,,,*,,,,,,,,
DWF,,,,,,,,*,,,
Edwin Coe,,,,,*,,,,,,
Fenchurch Law,,,,,*,,,,,,
Fieldfisher,*,,,,,,*,,,,
Freshfields Bruckhaus Deringer,,,,,,,,,,*,
Hempsons,,*,,,,,,,,,
Herbert Smith Freehills,,,*,*,*,*,,,,*,*
Hodge Jones & Allen,,,,,,,,,*,,
Hogan Lovells,,,*,*,,*,,,,*,*
Holman Fenwick Willan,,,*,,,*,,,,,
Hugh James,,,,,,,,,*,,
Ince & Co,,,,,,*,,,,,
Irwin Mitchell,*,,,,,,*,,*,,
K&L Gates,,,,,*,,,,,,
Kennedys,,*,,,,*,,*,,*,*
Kingsley Napley,*,,,,,,,,,,
Leigh Day,*,,,,,,*,,*,,
Linklaters,,,*,,,,,,,,
Mayer Brown,,,,*,,*,,,,,*
Michelmores,,,,,*,,,,,,
Norton Rose Fulbright,,,*,*,,*,,,,,
Pinsent Masons,,,,*,,,,,,,
Plexus Law,,,,,,,,*,,,
Reed Smith,,,,,*,,,,,,
RPC,,,,*,,*,,,,,*
Russell-Cooke,*,,,,,,,,,,
Sidley Austin,,,,*,,,,,,,
Simmons & Simmons,,,,,,,,,,,*
Slaughter and May,,,*,,,,,,,,
Stewarts Law,*,,,,,,*,,,,
Weightmans,,*,,,,,,*,,,
Weil,,,,*,,,,,,,
Willkie Farr & Gallagher,,,*,,,,,,,,
