All,Agriculture & Estates,Art & Cultural Property,Charities,Contentious Trust & Probate,Court of Protection,Family,Family: Mediation,"Personal Tax, Trust & Probate"
Alexiou Fisher Philipps,,,,,,*,*,
Anthony Gold,,,,,*,,*,
Baker & McKenzie,,,,*,,,,*
Bates Wells Braithwaite,,,*,,,,,
Berwin Leighton Paisner,,,,*,,,,*
Bindmans,,,,,*,,,
Bircham Dyson Bell,*,,*,,*,,,*
Boodle Hatfield,*,*,,*,,,,*
Burges Salmon,*,,,,,,,
Charles Russell Speechlys,*,*,*,*,*,*,*,*
Clifford Chance,,,,*,,,,
Clintons,,,,,,*,,
Collyer Bristow,,,,,,,*,
Constantine Cannon,,*,,,,,,
Dawson Cornwell,,,,,,*,*,
Family Law in Partnership,,,,,,*,*,
Farrer & Co,*,*,*,*,,*,,*
Foot Anstey,,,,,*,,,
Forsters,*,,,*,,,,*
Gillhams Solicitors,,,,,*,,,
Gowling WLG,,,,*,,,,*
Harcus Sinclair,,,,*,,,,*
Herbert Smith Freehills,,,,*,,,,
Howard Kennedy,,*,,,,,,
Hughes Fowler Carruthers,,,,,,*,*,
Hunters incorporating May May & Merrimans,*,,,,,*,*,*
Irwin Mitchell,,,,,*,,,
Kingsley Napley,,,,,,*,*,
Leigh Day,,,,,*,,,
Levison Meltzer Pigott,,,,,,*,*,
Macfarlanes,,,,*,,,,*
Mackintosh Law,,,,,*,,,
Maurice Turnor Gardner,,,*,,,,,*
McDermott Will & Emery,,,,*,,,,*
Miles & Partners,,,,,*,,*,
Mills & Reeve,*,,,,,,*,
Mishcon de Reya,,*,,*,,*,,
Payne Hicks Beach,*,,,,,*,,*
Penningtons Manches,,,,,*,*,,
Russell-Cooke,,,*,,*,*,*,
Simpson Millar,,,,,*,,,
Steel & Shamash,,,,,*,,,
Stephenson Harwood,,*,,,,,,
Stewarts Law,,,,,,*,,
Stone King,,,*,,,,,
Taylor Wessing,,,,*,,,,*
The International Family Law Group,,,,,,,*,
Thomson Snell & Passmore,,,,,*,,,
Thrings,*,,,,,,,
TV Edwards,,,,,,,*,
Vardags,,,,,,*,,
Veale Wasbrough Vizards,,,*,,,,,
Weightmans,,,,,*,,,
Withers,*,,*,*,*,*,*,*
