All,Commercial Property,Construction (Contentious),Construction (Non-Contentious),Development,Environment,Investment,Planning,Property Finance,Property Litigation,Social Housing: Finance,Social Housing: Local Authorities & Registered Providers,Social Housing: Tenant
Addleshaw Goddard,*,,,*,,*,,,,*,,
Allen & Overy,,,,,*,*,,*,,*,,
Anthony Gold,,,,,,,,,,,,*
Ashurst,*,,,*,,*,*,*,*,,,
Baker & McKenzie,,,,,*,*,,,,,,
Berwin Leighton Paisner,*,*,*,*,,*,*,*,*,,,
Bindmans,,,,,,,,,,,,*
Bircham Dyson Bell,,,,,,,*,,,,,
Charles Russell Speechlys,,,,,,,,,*,,,
Clifford Chance,*,,*,*,*,*,,*,,*,,
CMS,*,*,*,*,*,*,*,,,,,
Deighton Pierce Glynn,,,,,,,,,,,,*
Dentons,*,,,*,*,,*,,,,,
Devonshires,,,,,,,,,,*,*,
DLA Piper,*,,,*,,*,*,*,,,,
Duncan Lewis Solicitors,,,,,,,,,,,,*
Eversheds,*,*,*,*,,*,,*,*,,,
Fenwick Elliott,,*,,,,,,,,,,
Forsters,,,,*,,,,,,,,
Freshfields Bruckhaus Deringer,,*,*,,*,,,*,,,,
Gibson Dunn,,,,,,*,,,,,,
Goodwin,,,,,,*,,,,,,
Gowling WLG,,,,*,,,,,*,,,
Herbert Smith Freehills,*,*,*,*,,*,*,*,*,,,
Hodge Jones & Allen,,,,,,,,,,,,*
Hogan Lovells,*,*,*,*,*,*,*,*,*,,,
Jones Day,*,,,*,,*,,*,,,,
King & Wood Mallesons,*,,,*,,*,*,,,,,
Leigh Day,,,,,*,,,,,,,
Lewis Silkin,,,,*,,,,,,,,
Linklaters,*,,,*,*,*,,*,,,,
Macfarlanes,*,,,*,,*,,,,,,
Mayer Brown,*,*,,*,,*,,*,,,,
Mishcon de Reya,*,,,*,,*,,,*,,,
Morrison Spowart,,,,,,,,,,,,*
Nabarro,*,*,*,*,,*,*,*,*,,,
Norton Rose Fulbright,*,,,*,*,*,,*,,,,
Olswang,,,,,,*,,*,*,,,
Osborne Clarke,,,,*,,,,,,,,
Osbornes,,,,,,,,,,,,*
Paul Hastings,,,,,,*,,*,,,,
Pinsent Masons,,*,*,*,*,,*,*,*,*,,
Simmons & Simmons,,,,,,*,,*,,,,
Slaughter and May,,,,,,*,,,,,,
Taylor Wessing,,,,,,*,,*,,,,
Travers Smith,,,,,*,,,,,,,
Trowers & Hamlins,,,,,,*,,,,*,*,
TV Edwards,,,,,,,,,,,,*
White & Case,,*,*,,,*,,,,,,
Winckworth Sherwood,,,,,,,*,,,*,*,
