All,Brand Management,Data Protection,Franchising,IT & Telecoms,Intellectual Property,Media & Entertainment,Pharmaceuticals & Biotechnology,Sport
Allen & Overy,,*,,,*,,*,
Arnold & Porter,,,,,,,*,
Baker & McKenzie,*,*,,*,*,*,*,
Bates Wells Braithwaite,,,,,,*,,
Berwin Leighton Paisner,,,,*,,,,
Bird & Bird,*,*,*,*,*,*,*,*
Blake Morgan,,,*,,,,,
Bristows,*,*,,*,*,*,*,
Charles Russell Speechlys,,,,,,*,,*
Clintons,,,,,,*,,
CMS,*,,,*,,,*,
Couchmans,,,,,,,,*
Covington & Burling,,*,,,,,*,
Dentons,,*,*,*,,*,,
DLA Piper,*,,*,*,,*,*,*
Farrer & Co,,,,,,*,,
Fieldfisher,*,*,*,*,,*,*,
Goodman Derrick,,,,,,*,,
Gowling WLG,*,,,,*,,*,
Harbottle & Lewis,*,,,,,*,,*
Herbert Smith Freehills,,,,*,*,*,*,
Hogan Lovells,*,*,,,*,,*,
Hunton & Williams,,*,,,,,,
Kemp Little,,,,*,,*,,
Lee & Thompson,,,,,,*,,
Lewis Silkin,*,,,,,*,,*
Linklaters,,*,,*,,,,
Milbank,,,,*,,,,
Olswang,*,,,*,*,*,*,
Onside Law,,,,,,,,*
Osborne Clarke,*,,,,,*,,
Pinsent Masons,,,,*,,,,*
Powell Gilbert,,,,,*,,*,
PricewaterhouseCoopers Legal,,*,,,,,,
Reed Smith,*,,,,,*,,
RPC,*,,,,,*,,
Russells,,,,,,*,,
Sheridans,,,,,,*,,
Simkins,,,,,,*,,
Simmons & Simmons,*,,,*,*,*,*,
Simons Muirhead & Burton,,,*,,,*,,
Slaughter and May,,,,*,,,,
Squire Patton Boggs,*,,,,,,,*
Stevens & Bolton,,,*,,,,,
Swan Turton,,,,,,*,,
Taylor Wessing,*,*,,*,*,*,*,
TLT,,,*,,,,,
Travers Smith,,,*,,,,,
Wiggin,,,,,,*,,
