All,Aviation,Rail,Shipping,Travel
Allen & Overy,,*,,
asb law,,,,*
Ashurst,,*,,
Berwin Leighton Paisner,,*,,
Bond Dickinson,,*,,
Burges Salmon,,*,,
Clifford Chance,,*,,
Clyde & Co,*,*,*,
CMS,,*,,
Dentons,,*,,
DLA Piper,*,*,,
Eversheds,,*,,
Fieldfisher,,,,*
Herbert Smith Freehills,*,*,,
Hill Dickinson,*,,*,*
Hogan Lovells,,*,,
Holman Fenwick Willan,*,,*,*
Ince & Co,,,*,
K&L Gates,,,,*
Linklaters,,*,,
Norton Rose Fulbright,*,*,,
Pinsent Masons,,*,,
Reed Smith,,,*,
Simmons & Simmons,,*,,
Stephenson Harwood,*,*,*,
Winckworth Sherwood,,*,,
